Region,Site,Year,Mean_temp
West,KGI,2000,-1.5666667
West,KGI,2001,-1.825
West,KGI,2002,-2.675
West,KGI,2003,-1.9916667
West,KGI,2004,-1.6166667
West,KGI,2005,-1.9416667
West,KGI,2006,-1.3
West,KGI,2007,-3.2416667
West,KGI,2008,-1.1416667
West,KGI,2009,-2.7166667
West,KGI,2010,-1.5666667
West,KGI,2011,-2.9166667
West,KGI,2012,-2.7666667
West,KGI,2013,-2.6166667
West,KGI,2014,-2.2833333
West,KGI,2015,-2.775
West,KGI,2016,-1.6
West,KGI,2017,-1.775
West,KGI,2018,-1.3583333
West,KGI,2019,-1.9333333
West,KGI,2020,-1.675
West,KGI,2021,-0.8666667
West,Anch_Isl,2000,-3.766667
West,Anch_Isl,2001,-3.083333
West,Anch_Isl,2002,-6
West,Anch_Isl,2003,-3.85
West,Anch_Isl,2004,-3.866667
West,Anch_Isl,2005,-4.508333
West,Anch_Isl,2006,-4.108333
West,Anch_Isl,2007,-3.683333
West,Anch_Isl,2008,-2.7
West,Anch_Isl,2009,-3.883333
West,Anch_Isl,2010,-2.716667
West,Anch_Isl,2011,-3.783333
West,Anch_Isl,2012,-3.75
West,Anch_Isl,2013,-4.35
West,Anch_Isl,2014,-3.741667
West,Anch_Isl,2015,-5.658333
West,Anch_Isl,2016,-3.963636
West,Anch_Isl,2017,-3.291667
West,Anch_Isl,2018,-3.575
West,Anch_Isl,2019,-4.275
West,Anch_Isl,2020,-3.191667
West,Anch_Isl,2021,-3.075
West,Lag_Isl,2000,-3.766667
West,Lag_Isl,2001,-3.083333
West,Lag_Isl,2002,-6
West,Lag_Isl,2003,-3.85
West,Lag_Isl,2004,-3.866667
West,Lag_Isl,2005,-4.508333
West,Lag_Isl,2006,-4.108333
West,Lag_Isl,2007,-3.683333
West,Lag_Isl,2008,-2.7
West,Lag_Isl,2009,-3.883333
West,Lag_Isl,2010,-2.716667
West,Lag_Isl,2011,-3.783333
West,Lag_Isl,2012,-3.75
West,Lag_Isl,2013,-4.35
West,Lag_Isl,2014,-3.741667
West,Lag_Isl,2015,-5.658333
West,Lag_Isl,2016,-3.963636
West,Lag_Isl,2017,-3.291667
West,Lag_Isl,2018,-3.575
West,Lag_Isl,2019,-4.275
West,Lag_Isl,2020,-3.191667
West,Lag_Isl,2021,-3.075
East,Casey,2000,-9.316667
East,Casey,2001,-8.675
East,Casey,2002,-8.166667
East,Casey,2003,-9.716667
East,Casey,2004,-9.025
East,Casey,2005,-9.325
East,Casey,2006,-9.183333
East,Casey,2007,-7.941667
East,Casey,2008,-9.091667
East,Casey,2009,-7.825
East,Casey,2010,-9.708333
East,Casey,2011,-9.425
East,Casey,2012,-9.758333
East,Casey,2013,-9.566667
East,Casey,2014,-10.091667
East,Casey,2015,-10.175
East,Casey,2016,-9.291667
East,Casey,2017,-10.016667
East,Casey,2018,-8.872727
East,Casey,2019,-9.45
East,Casey,2020,-9.1
East,Casey,2021,-9.133333
East,MZB,2000,-15.38844
East,MZB,2001,-16.17185
East,MZB,2002,-15.62647
East,MZB,2003,-15.42817
East,MZB,2004,-16.08864
East,MZB,2005,-15.22648
East,MZB,2006,-15.99272
East,MZB,2007,-14.32737
East,MZB,2008,-14.66209
East,MZB,2009,-14.10327
East,MZB,2010,-15.35695
East,MZB,2011,-14.44311
East,MZB,2012,-12.83804
East,MZB,2013,-15.67558
East,MZB,2014,-15.46649
East,MZB,2015,-16.45608
East,MZB,2016,-16.38904
East,MZB,2017,-15.67576
East,MZB,2018,-15.26824
East,MZB,2019,-14.69491
East,MZB,2020,-12.45676